hparams_hash,learning_rate,layer_sizes,dropout_rates,batch_norm,weight_decay,batch_size,leaky_relu_negative_slope,num_epochs,scheduler_mode,scheduler_factor,scheduler_patience,scheduler_threshold,scheduler_cooldown,early_stopping_mode,early_stopping_patience,early_stopping_delta,val_loss,val_accuracy,computation_time,final_num_epochs,lr_reduction_epochs,log_filename
3b4f0d9e3c81be5bc72b39b45c4f8d95,1e-05,"[256, 128, 64]","[0.1, 0.1, 0.1]","[true, true, true]",0.0,16,0.01,100,"""min""",0.1,3,0.0001,0,"""min""",5,0.0001,0.4192429808408022,87.13,726.2115743160248,47,[45],training_log_3b4f0d9e3c81be5bc72b39b45c4f8d95.json
17b0d65f38dbfa8843771dd9d58c5633,1e-05,"[256, 128, 64]","[0.1, 0.1, 0.1]","[true, true, true]",0.0,16,0.05,100,"""min""",0.1,3,0.0001,0,"""min""",5,0.0001,0.3706985736332834,88.91,1229.4502136707306,79,[77],training_log_17b0d65f38dbfa8843771dd9d58c5633.json
1c9541a11996cbbf443bbd03e4d95017,1e-05,"[256, 128, 64]","[0.1, 0.1, 0.1]","[true, true, true]",0.0,16,0.1,100,"""min""",0.1,3,0.0001,0,"""min""",5,0.0001,0.38339719646424053,88.31,1055.5681524276733,68,[66],training_log_1c9541a11996cbbf443bbd03e4d95017.json
6fac91226962250a7e8ddad93113dc1a,1e-05,"[256, 128, 64]","[0.1, 0.1, 0.1]","[true, true, true]",0.0,16,0.2,100,"""min""",0.1,3,0.0001,0,"""min""",5,0.0001,0.41670704737603664,87.34,968.7344076633453,62,[60],training_log_6fac91226962250a7e8ddad93113dc1a.json
9cba72051720630ca109a61fb32819b0,1e-05,"[256, 128, 64]","[0.1, 0.1, 0.1]","[true, true, true]",0.0,32,0.01,100,"""min""",0.1,3,0.0001,0,"""min""",5,0.0001,0.3826924138032971,88.69,886.0764236450195,73,"[66, 71]",training_log_9cba72051720630ca109a61fb32819b0.json
397f9e0d4281d18a4965314e0833dc41,1e-05,"[256, 128, 64]","[0.1, 0.1, 0.1]","[true, true, true]",0.0,16,0.01,200,"""min""",0.1,3,0.0001,0,"""min""",5,0.0001,0.42520152689516544,86.89,723.6036624908447,46,[44],training_log_397f9e0d4281d18a4965314e0833dc41.json
f2d523db50312ef1436c7d8d130618c4,1e-05,"[256, 128, 64]","[0.1, 0.1, 0.1]","[true, true, true]",0.0,16,0.05,200,"""min""",0.1,3,0.0001,0,"""min""",5,0.0001,0.4199801272779703,87.16,734.4200539588928,47,[45],training_log_f2d523db50312ef1436c7d8d130618c4.json
8defaaa0753b131cc32a0a09a3af27a7,1e-05,"[256, 128, 64]","[0.1, 0.1, 0.1]","[true, true, true]",0.0,16,0.1,200,"""min""",0.1,3,0.0001,0,"""min""",5,0.0001,0.40757858011722564,87.7,906.8641755580902,58,[56],training_log_8defaaa0753b131cc32a0a09a3af27a7.json
c678a333077f297254177ea9944d129b,1e-05,"[256, 128, 64]","[0.1, 0.1, 0.1]","[true, true, true]",0.0,16,0.2,200,"""min""",0.1,3,0.0001,0,"""min""",5,0.0001,0.4186330638900399,87.15,1166.3773787021637,74,"[67, 72]",training_log_c678a333077f297254177ea9944d129b.json
d5a6f78b9b64d015e25396d785bedb9f,1e-05,"[256, 128, 64]","[0.1, 0.1, 0.1]","[true, true, true]",0.0,32,0.01,200,"""min""",0.1,3,0.0001,0,"""min""",5,0.0001,0.38525383851636713,88.05,855.7004427909851,69,[67],training_log_d5a6f78b9b64d015e25396d785bedb9f.json
370073873566109c26b6a136197f6215,1e-05,"[256, 128, 64]","[0.1, 0.1, 0.1]","[true, true, true]",0.0,32,0.05,200,"""min""",0.1,3,0.0001,0,"""min""",5,0.0001,0.40328096663847135,87.83,832.8376758098602,68,[60],training_log_370073873566109c26b6a136197f6215.json
864e9823173ed454f9b433f4c8babc5d,1e-05,"[256, 128, 64]","[0.1, 0.1, 0.1]","[true, true, true]",0.0,32,0.1,200,"""min""",0.1,3,0.0001,0,"""min""",5,0.0001,0.38959908418166944,88.15,893.4440882205963,73,[71],training_log_864e9823173ed454f9b433f4c8babc5d.json
dd72d67089991ce6224dfe85f374fa87,0.01,"[256, 128, 64]","[0.1, 0.1, 0.1]","[true, true, true]",0.0,16,0.01,200,"""min""",0.1,3,0.0001,0,"""min""",5,0.0001,0.30546546701360494,91.97,229.5423481464386,15,[13],training_log_dd72d67089991ce6224dfe85f374fa87.json
342ef32c8f94fe01f65a4d57437014c3,0.001,"[128, 64]","[0.1, 0.1]","[true, true]",0.0,16,0.01,200,"""min""",0.1,3,0.0001,0,"""min""",5,0.0001,0.3439619656793773,90.37,318.27368807792664,23,[21],training_log_342ef32c8f94fe01f65a4d57437014c3.json
aaed78a3954b6041f7201e3822e46ef3,0.001,"[128, 64]","[0.1, 0.1]","[true, true]",0.0,16,0.1,200,"""min""",0.1,3,0.0001,0,"""min""",5,0.0001,0.3556436736531556,90.13,388.60096073150635,28,"[16, 26]",training_log_aaed78a3954b6041f7201e3822e46ef3.json
d9513e17cce359c6c0d7f1549015d81d,0.001,"[128, 64]","[0.1, 0.1]","[true, true]",0.0,32,0.01,200,"""min""",0.1,3,0.0001,0,"""min""",5,0.0001,0.3652247051818493,90.41,232.7415907382965,21,"[10, 19]",training_log_d9513e17cce359c6c0d7f1549015d81d.json
8ea52288255b0c3b894b92b2490e7d1e,0.001,"[128, 64]","[0.1, 0.1]","[true, true]",0.0,32,0.1,200,"""min""",0.1,3,0.0001,0,"""min""",5,0.0001,0.3451493989271573,90.57,359.9936864376068,32,"[13, 19, 30]",training_log_8ea52288255b0c3b894b92b2490e7d1e.json
14c688cd59a956391e3818d42ff0fc69,0.001,"[128, 64]","[0.1, 0.1]","[true, true]",0.0,64,0.01,200,"""min""",0.1,3,0.0001,0,"""min""",5,0.0001,0.3696112376014898,90.28,123.18409252166748,13,[11],training_log_14c688cd59a956391e3818d42ff0fc69.json
3821c6105d63afefbc24665256c99013,0.001,"[128, 64]","[0.1, 0.1]","[true, true]",0.0,64,0.1,200,"""min""",0.1,3,0.0001,0,"""min""",5,0.0001,0.3680558150076562,90.59,316.5039806365967,32,"[16, 21, 30]",training_log_3821c6105d63afefbc24665256c99013.json
9fffa6f213fbc1c0fbddf8bb9dd2dc08,0.001,"[128, 64]","[0.1, 0.1]","[true, true]",0.0,128,0.01,200,"""min""",0.1,3,0.0001,0,"""min""",5,0.0001,0.3792571378282354,89.96,133.05831098556519,15,[13],training_log_9fffa6f213fbc1c0fbddf8bb9dd2dc08.json
7181084814599af20c0a47930f61c756,0.001,"[128, 64]","[0.1, 0.1]","[true, true]",0.0,128,0.1,200,"""min""",0.1,3,0.0001,0,"""min""",5,0.0001,0.3715464742500571,90.21,161.6954369544983,18,"[10, 16]",training_log_7181084814599af20c0a47930f61c756.json
df7f6e02c6d2b114962a666e7cda0fde,0.001,"[128, 64]","[0.1, 0.1]","[true, true]",1e-05,16,0.01,200,"""min""",0.1,3,0.0001,0,"""min""",5,0.0001,0.3439619656793773,90.37,321.1265983581543,23,[21],training_log_df7f6e02c6d2b114962a666e7cda0fde.json
ff85ebe53a9586e0edb3dfd0d140f2bb,0.001,"[128, 64]","[0.1, 0.1]","[true, true]",1e-05,16,0.1,200,"""min""",0.1,3,0.0001,0,"""min""",5,0.0001,0.3657682346172631,90.05,336.21301651000977,24,"[15, 22]",training_log_ff85ebe53a9586e0edb3dfd0d140f2bb.json
34e8e631b4afd2d081acf3efb3bd2ed1,0.001,"[128, 64]","[0.1, 0.1]","[true, true]",1e-05,32,0.01,200,"""min""",0.1,3,0.0001,0,"""min""",5,0.0001,0.34982570750525777,90.86,269.3527522087097,24,"[10, 17, 22]",training_log_34e8e631b4afd2d081acf3efb3bd2ed1.json
79980bafad1545476e87b682c9c2ec59,0.001,"[128, 64]","[0.1, 0.1]","[true, true]",1e-05,32,0.1,200,"""min""",0.1,3,0.0001,0,"""min""",5,0.0001,0.3549898155390645,90.37,269.5160255432129,24,"[9, 16, 22]",training_log_79980bafad1545476e87b682c9c2ec59.json
bcbd783037178c1d7a977fd21897d3a9,0.001,"[128, 64]","[0.1, 0.1]","[true, true]",1e-05,64,0.01,200,"""min""",0.1,3,0.0001,0,"""min""",5,0.0001,0.35387034659647637,90.68,185.01197385787964,19,"[9, 17]",training_log_bcbd783037178c1d7a977fd21897d3a9.json
42b4a611b75afe5529f40111ff16eca5,0.001,"[128, 64]","[0.1, 0.1]","[true, true]",1e-05,64,0.1,200,"""min""",0.1,3,0.0001,0,"""min""",5,0.0001,0.3634463324668301,90.3,185.40627002716064,19,"[9, 17]",training_log_42b4a611b75afe5529f40111ff16eca5.json
b15917bbd525838766618e6ea18c34a1,0.001,"[128, 64]","[0.1, 0.1]","[true, true]",1e-05,128,0.01,200,"""min""",0.1,3,0.0001,0,"""min""",5,0.0001,0.3687099981345708,90.43,191.24516940116882,21,"[10, 19]",training_log_b15917bbd525838766618e6ea18c34a1.json
282e2a2fc5ac41c33a3c5da4ce3b681a,0.001,"[128, 64]","[0.1, 0.1]","[true, true]",1e-05,128,0.1,200,"""min""",0.1,3,0.0001,0,"""min""",5,0.0001,0.3755291647548917,89.97,210.33378744125366,23,"[10, 21]",training_log_282e2a2fc5ac41c33a3c5da4ce3b681a.json
822b146bc0b4eff291f84ee757010bf7,0.001,"[128, 64]","[0.1, 0.1]","[true, true]",0.0001,16,0.01,200,"""min""",0.1,3,0.0001,0,"""min""",5,0.0001,0.33784963912926613,90.8,335.6735646724701,24,"[15, 22]",training_log_822b146bc0b4eff291f84ee757010bf7.json
35790f2dab980195abed3ace4531fea0,0.001,"[128, 64]","[0.1, 0.1]","[true, true]",0.0001,16,0.1,200,"""min""",0.1,3,0.0001,0,"""min""",5,0.0001,0.3627320284757763,90.14,321.68971586227417,23,[21],training_log_35790f2dab980195abed3ace4531fea0.json
8dea4630808804514120e810fc693ffb,0.001,"[128, 64]","[0.1, 0.1]","[true, true]",0.0001,32,0.01,200,"""min""",0.1,3,0.0001,0,"""min""",5,0.0001,0.35561213408189174,91.25,271.21564984321594,24,"[12, 22]",training_log_8dea4630808804514120e810fc693ffb.json
061a0de4c40d16b2338ed1398896d062,0.001,"[128, 64]","[0.1, 0.1]","[true, true]",0.0001,32,0.1,200,"""min""",0.1,3,0.0001,0,"""min""",5,0.0001,0.36132931625381254,90.52,271.52880215644836,24,"[15, 22]",training_log_061a0de4c40d16b2338ed1398896d062.json
6176a2f9d40ed5207c22711c4f256046,0.001,"[128, 64]","[0.1, 0.1]","[true, true]",0.0001,64,0.01,200,"""min""",0.1,3,0.0001,0,"""min""",5,0.0001,0.3512417202589998,90.8,185.7160394191742,19,"[8, 17]",training_log_6176a2f9d40ed5207c22711c4f256046.json
34885a333f893ff399678ac38ad3a0cc,0.001,"[128, 64]","[0.1, 0.1]","[true, true]",0.0001,64,0.1,200,"""min""",0.1,3,0.0001,0,"""min""",5,0.0001,0.3580416525909855,90.41,185.82742643356323,19,"[9, 17]",training_log_34885a333f893ff399678ac38ad3a0cc.json
57998ae133edb5a0ee4b5df40fbc5dcb,0.001,"[128, 64]","[0.1, 0.1]","[true, true]",0.0001,128,0.01,200,"""min""",0.1,3,0.0001,0,"""min""",5,0.0001,0.3734438447635385,90.46,193.60986185073853,21,"[10, 19]",training_log_57998ae133edb5a0ee4b5df40fbc5dcb.json
bc58a2127bb252d549e8801251573e9e,0.001,"[128, 64]","[0.1, 0.1]","[true, true]",0.0001,128,0.1,200,"""min""",0.1,3,0.0001,0,"""min""",5,0.0001,0.3762454643279691,90.08,213.29637145996094,23,"[10, 21]",training_log_bc58a2127bb252d549e8801251573e9e.json
e9fe888ba667ceb9b8fff091153e631e,0.001,"[128, 64]","[0.1, 0.1]","[true, true]",0.001,16,0.01,200,"""min""",0.1,3,0.0001,0,"""min""",5,0.0001,0.36239127249438313,90.37,319.7762553691864,23,[21],training_log_e9fe888ba667ceb9b8fff091153e631e.json
bdb90c00b53fdc5dbd4ff255b91cbecb,0.001,"[128, 64]","[0.1, 0.1]","[true, true]",0.001,16,0.1,200,"""min""",0.1,3,0.0001,0,"""min""",5,0.0001,0.3614732010576874,90.3,333.5178110599518,24,"[17, 22]",training_log_bdb90c00b53fdc5dbd4ff255b91cbecb.json
83276e9416cfc4cd6704b4893796bb6d,0.001,"[128, 64]","[0.1, 0.1]","[true, true]",0.001,32,0.01,200,"""min""",0.1,3,0.0001,0,"""min""",5,0.0001,0.35655045075514635,90.83,233.64472222328186,21,"[12, 19]",training_log_83276e9416cfc4cd6704b4893796bb6d.json
adca87af1047f629e614558362dc5052,0.001,"[128, 64]","[0.1, 0.1]","[true, true]",0.001,32,0.1,200,"""min""",0.1,3,0.0001,0,"""min""",5,0.0001,0.3669951263243874,90.42,256.9010257720947,23,"[12, 21]",training_log_adca87af1047f629e614558362dc5052.json
53beae6022a2ed5b21fe3f36af84d095,0.001,"[128, 64]","[0.1, 0.1]","[true, true]",0.001,64,0.01,200,"""min""",0.1,3,0.0001,0,"""min""",5,0.0001,0.36716477720031315,90.04,102.96039247512817,11,[9],training_log_53beae6022a2ed5b21fe3f36af84d095.json
5a85920748c415723bcfb37a6e1393df,0.001,"[128, 64]","[0.1, 0.1]","[true, true]",0.001,64,0.1,200,"""min""",0.1,3,0.0001,0,"""min""",5,0.0001,0.3584191067867978,90.6,184.70022821426392,19,"[9, 17]",training_log_5a85920748c415723bcfb37a6e1393df.json
288344256da4ed16caab3de8092e014b,0.001,"[128, 64]","[0.1, 0.1]","[true, true]",0.001,128,0.01,200,"""min""",0.1,3,0.0001,0,"""min""",5,0.0001,0.3628670639252361,90.5,190.7983410358429,21,"[10, 19]",training_log_288344256da4ed16caab3de8092e014b.json
839822549294b5e870e6d7db7601fd2f,0.001,"[128, 64]","[0.1, 0.1]","[true, true]",0.001,128,0.1,200,"""min""",0.1,3,0.0001,0,"""min""",5,0.0001,0.37861704467972623,89.98,210.30673670768738,23,"[10, 21]",training_log_839822549294b5e870e6d7db7601fd2f.json
76f34f26e888f3551b07ad0a648dc4e5,0.001,"[128, 64]","[0.1, 0.1]","[false, false]",0.0,16,0.01,200,"""min""",0.1,3,0.0001,0,"""min""",5,0.0001,0.4090221870607114,89.96,213.83558106422424,17,"[10, 15]",training_log_76f34f26e888f3551b07ad0a648dc4e5.json
a201d1197202bffadf33781700bebc26,0.001,"[128, 64]","[0.1, 0.1]","[false, false]",0.0,16,0.1,200,"""min""",0.1,3,0.0001,0,"""min""",5,0.0001,0.3854798905123025,90.5,227.6048424243927,18,"[9, 16]",training_log_a201d1197202bffadf33781700bebc26.json
25016b3319a8bcabaffeafb5f122fa84,0.001,"[128, 64]","[0.1, 0.1]","[false, false]",0.0,32,0.01,200,"""min""",0.1,3,0.0001,0,"""min""",5,0.0001,0.4147141233836777,90.74,268.19750475883484,25,"[14, 23]",training_log_25016b3319a8bcabaffeafb5f122fa84.json
0b97a4b518fd7136f59a1dfd0533afc3,0.001,"[128, 64]","[0.1, 0.1]","[false, false]",0.0,32,0.1,200,"""min""",0.1,3,0.0001,0,"""min""",5,0.0001,0.3876101160289931,90.94,267.39367175102234,25,"[13, 23]",training_log_0b97a4b518fd7136f59a1dfd0533afc3.json
f6c7e60f2c91f9f95fe5cc957cdf3600,0.001,"[128, 64]","[0.1, 0.1]","[false, false]",0.0,64,0.01,200,"""min""",0.1,3,0.0001,0,"""min""",5,0.0001,0.39502367347621237,89.98,170.16653203964233,18,"[11, 16]",training_log_f6c7e60f2c91f9f95fe5cc957cdf3600.json
ce0d680cf2d811b23289a04a66926121,0.001,"[128, 64]","[0.1, 0.1]","[false, false]",0.0,64,0.1,200,"""min""",0.1,3,0.0001,0,"""min""",5,0.0001,0.3781219032729507,90.19,200.01004028320312,21,"[9, 19]",training_log_ce0d680cf2d811b23289a04a66926121.json
1c51f283575a6f2d141c578b96008634,0.001,"[128, 64]","[0.1, 0.1]","[false, false]",0.0,128,0.01,200,"""min""",0.1,3,0.0001,0,"""min""",5,0.0001,0.38335723213002654,90.07,225.9730887413025,25,"[10, 23]",training_log_1c51f283575a6f2d141c578b96008634.json
9a8d00eaabc5b2c4740c5e8c7690bf74,0.001,"[128, 64]","[0.1, 0.1]","[false, false]",0.0,128,0.1,200,"""min""",0.1,3,0.0001,0,"""min""",5,0.0001,0.40068407356739044,90.52,254.23429369926453,28,"[18, 26]",training_log_9a8d00eaabc5b2c4740c5e8c7690bf74.json
102d4cef2eff2a10174bb847b4488b32,0.001,"[128, 64]","[0.1, 0.1]","[false, false]",1e-05,16,0.01,200,"""min""",0.1,3,0.0001,0,"""min""",5,0.0001,0.4090221870607114,89.96,216.30060148239136,17,"[10, 15]",training_log_102d4cef2eff2a10174bb847b4488b32.json
622791b36a0bc2eeba10a347e6f38876,0.001,"[128, 64]","[0.1, 0.1]","[false, false]",1e-05,16,0.1,200,"""min""",0.1,3,0.0001,0,"""min""",5,0.0001,0.3854798905123025,90.5,232.4021553993225,18,"[9, 16]",training_log_622791b36a0bc2eeba10a347e6f38876.json
3b1f00df882e40e5a678ccd2d917c9f2,0.001,"[128, 64]","[0.1, 0.1]","[false, false]",1e-05,32,0.01,200,"""min""",0.1,3,0.0001,0,"""min""",5,0.0001,0.4147141233836777,90.74,268.121089220047,25,"[14, 23]",training_log_3b1f00df882e40e5a678ccd2d917c9f2.json
c48d19dcaeab77b288b60730ecbc40f0,0.001,"[128, 64]","[0.1, 0.1]","[false, false]",1e-05,32,0.1,200,"""min""",0.1,3,0.0001,0,"""min""",5,0.0001,0.3876101160289931,90.94,268.5167486667633,25,"[13, 23]",training_log_c48d19dcaeab77b288b60730ecbc40f0.json
9ae16a5669a636376de7f7ff7bb4c63b,0.001,"[128, 64]","[0.1, 0.1]","[false, false]",1e-05,64,0.01,200,"""min""",0.1,3,0.0001,0,"""min""",5,0.0001,0.39502367347621237,89.98,170.41093134880066,18,"[11, 16]",training_log_9ae16a5669a636376de7f7ff7bb4c63b.json
536974f94a054d4ff9bddc100a9d85fa,0.001,"[128, 64]","[0.1, 0.1]","[false, false]",1e-05,64,0.1,200,"""min""",0.1,3,0.0001,0,"""min""",5,0.0001,0.3781219032729507,90.19,200.3271222114563,21,"[9, 19]",training_log_536974f94a054d4ff9bddc100a9d85fa.json
7c52b01f38a006293abd84d08cc2b895,0.001,"[128, 64]","[0.1, 0.1]","[false, false]",1e-05,128,0.01,200,"""min""",0.1,3,0.0001,0,"""min""",5,0.0001,0.38335723213002654,90.07,226.3141634464264,25,"[10, 23]",training_log_7c52b01f38a006293abd84d08cc2b895.json
f34ae5b57e3f70a99c9a1b0d9b22bc67,0.001,"[128, 64]","[0.1, 0.1]","[false, false]",1e-05,128,0.1,200,"""min""",0.1,3,0.0001,0,"""min""",5,0.0001,0.40068407356739044,90.52,254.54628944396973,28,"[18, 26]",training_log_f34ae5b57e3f70a99c9a1b0d9b22bc67.json
214d6a9e99a55337f567698a19a2408d,0.001,"[128, 64]","[0.1, 0.1]","[false, false]",0.0001,16,0.01,200,"""min""",0.1,3,0.0001,0,"""min""",5,0.0001,0.44086022405147085,89.82,182.9334695339203,14,[12],training_log_214d6a9e99a55337f567698a19a2408d.json
db23cebc000a4f2a5e2ece0bcc245980,0.001,"[128, 64]","[0.1, 0.1]","[false, false]",0.0001,16,0.1,200,"""min""",0.1,3,0.0001,0,"""min""",5,0.0001,0.41025679161860606,90.94,282.56910014152527,22,"[14, 20]",training_log_db23cebc000a4f2a5e2ece0bcc245980.json
2ddbec4aeccd2bb6e59cc62ea8516617,0.001,"[128, 64]","[0.1, 0.1]","[false, false]",0.0001,32,0.01,200,"""min""",0.1,3,0.0001,0,"""min""",5,0.0001,0.39560638663891595,90.39,223.50772142410278,21,"[10, 19]",training_log_2ddbec4aeccd2bb6e59cc62ea8516617.json
d7e7811c169cea9fce430831ef76fbf6,0.001,"[128, 64]","[0.1, 0.1]","[false, false]",0.0001,32,0.1,200,"""min""",0.1,3,0.0001,0,"""min""",5,0.0001,0.3816741088817354,90.22,188.93680930137634,18,"[8, 16]",training_log_d7e7811c169cea9fce430831ef76fbf6.json
ff565278653ffcb60388ae5cf14b0405,0.001,"[128, 64]","[0.1, 0.1]","[false, false]",0.0001,64,0.01,200,"""min""",0.1,3,0.0001,0,"""min""",5,0.0001,0.3940484170463814,89.92,169.81151866912842,18,"[9, 16]",training_log_ff565278653ffcb60388ae5cf14b0405.json
06820fb1ea08d4f79b7c170f5de62da8,0.001,"[128, 64]","[0.1, 0.1]","[false, false]",0.0001,64,0.1,200,"""min""",0.1,3,0.0001,0,"""min""",5,0.0001,0.3785532466877418,90.46,219.6617786884308,23,"[9, 15, 21]",training_log_06820fb1ea08d4f79b7c170f5de62da8.json
2a031368f050da29fc447feaff950248,0.001,"[128, 64]","[0.1, 0.1]","[false, false]",0.0001,128,0.01,200,"""min""",0.1,3,0.0001,0,"""min""",5,0.0001,0.385848419198507,90.49,225.2598102092743,25,"[13, 23]",training_log_2a031368f050da29fc447feaff950248.json
8b00bdae18e9383107d0981d0f00a037,0.001,"[128, 64]","[0.1, 0.1]","[false, false]",0.0001,128,0.1,200,"""min""",0.1,3,0.0001,0,"""min""",5,0.0001,0.38845937840546235,90.57,253.6098437309265,28,"[15, 26]",training_log_8b00bdae18e9383107d0981d0f00a037.json
c0ba41074b69f01ef361756c1becd398,0.001,"[128, 64]","[0.1, 0.1]","[false, false]",0.001,16,0.01,200,"""min""",0.1,3,0.0001,0,"""min""",5,0.0001,0.43352096504841464,90.02,242.64810729026794,19,"[10, 17]",training_log_c0ba41074b69f01ef361756c1becd398.json
b3345fe4d2f40ac86880105540481139,0.001,"[128, 64]","[0.1, 0.1]","[false, false]",0.001,16,0.1,200,"""min""",0.1,3,0.0001,0,"""min""",5,0.0001,0.41032850181868996,90.66,281.6690819263458,22,"[12, 20]",training_log_b3345fe4d2f40ac86880105540481139.json
5660443bbf1b76170ca918a410ac7ddf,0.001,"[128, 64]","[0.1, 0.1]","[false, false]",0.001,32,0.01,200,"""min""",0.1,3,0.0001,0,"""min""",5,0.0001,0.41699500227742753,89.92,190.15064096450806,18,"[9, 16]",training_log_5660443bbf1b76170ca918a410ac7ddf.json
18250ddd92658f9f71533b5c4447a1a3,0.001,"[128, 64]","[0.1, 0.1]","[false, false]",0.001,32,0.1,200,"""min""",0.1,3,0.0001,0,"""min""",5,0.0001,0.3978350912540639,90.84,248.38672137260437,23,"[14, 21]",training_log_18250ddd92658f9f71533b5c4447a1a3.json
73104b65a751b36664e393139081a8bd,0.001,"[128, 64]","[0.1, 0.1]","[false, false]",0.001,64,0.01,200,"""min""",0.1,3,0.0001,0,"""min""",5,0.0001,0.3899219404360291,90.09,199.4406235218048,21,"[11, 19]",training_log_73104b65a751b36664e393139081a8bd.json
f62240bb958d96e41d7297812be0b475,0.001,"[128, 64]","[0.1, 0.1]","[false, false]",0.001,64,0.1,200,"""min""",0.1,3,0.0001,0,"""min""",5,0.0001,0.38120636158877874,90.34,288.8081319332123,30,"[10, 17, 28]",training_log_f62240bb958d96e41d7297812be0b475.json
fd09078d8578ca33b415aeb5f7f50969,0.001,"[128, 64]","[0.1, 0.1]","[false, false]",0.001,128,0.01,200,"""min""",0.1,3,0.0001,0,"""min""",5,0.0001,0.3824633339160605,89.72,159.38026642799377,18,"[10, 16]",training_log_fd09078d8578ca33b415aeb5f7f50969.json
9f2e887f6032776f04a1d1f5a04e544a,0.001,"[128, 64]","[0.1, 0.1]","[false, false]",0.001,128,0.1,200,"""min""",0.1,3,0.0001,0,"""min""",5,0.0001,0.3900075888709177,90.7,253.82106709480286,28,"[17, 26]",training_log_9f2e887f6032776f04a1d1f5a04e544a.json
c132fe4475d750ffdc204f6e76f025c5,0.001,"[128, 64]","[0.2, 0.2]","[true, true]",0.0,16,0.01,200,"""min""",0.1,3,0.0001,0,"""min""",5,0.0001,0.3755116614945233,89.07,304.0586156845093,22,[20],training_log_c132fe4475d750ffdc204f6e76f025c5.json
54a40b33cfb9cb470f2fdd4180d3c76a,0.001,"[128, 64]","[0.2, 0.2]","[true, true]",0.0,16,0.1,200,"""min""",0.1,3,0.0001,0,"""min""",5,0.0001,0.35778313346430657,89.87,534.6047623157501,38,"[21, 28, 36]",training_log_54a40b33cfb9cb470f2fdd4180d3c76a.json
521b81a974f7547dba2f21483a83e150,0.001,"[128, 64]","[0.2, 0.2]","[true, true]",0.0,32,0.01,200,"""min""",0.1,3,0.0001,0,"""min""",5,0.0001,0.35059020014259573,90.34,268.7329969406128,24,"[9, 22]",training_log_521b81a974f7547dba2f21483a83e150.json
3ae7e691cf12b232b84578f1afc1cfd5,0.001,"[128, 64]","[0.2, 0.2]","[true, true]",0.0,32,0.1,200,"""min""",0.1,3,0.0001,0,"""min""",5,0.0001,0.37029937707101956,89.86,256.3634328842163,23,[21],training_log_3ae7e691cf12b232b84578f1afc1cfd5.json
1e66a7b61104985f4d1be2f8ae4eb5f2,0.001,"[128, 64]","[0.2, 0.2]","[true, true]",0.0,64,0.01,200,"""min""",0.1,3,0.0001,0,"""min""",5,0.0001,0.36736315019001625,90.18,244.96610951423645,24,"[12, 22]",training_log_1e66a7b61104985f4d1be2f8ae4eb5f2.json
1a1433867bc1003514ac3b4626349444,0.001,"[128, 64]","[0.2, 0.2]","[true, true]",0.0,64,0.1,200,"""min""",0.1,3,0.0001,0,"""min""",5,0.0001,0.3683331884016657,90.0,235.25398874282837,24,"[15, 22]",training_log_1a1433867bc1003514ac3b4626349444.json
699836e587989de0d05d039a8bfafcfb,0.001,"[128, 64]","[0.2, 0.2]","[true, true]",0.0,128,0.01,200,"""min""",0.1,3,0.0001,0,"""min""",5,0.0001,0.3859959105147591,89.89,209.10234260559082,23,[21],training_log_699836e587989de0d05d039a8bfafcfb.json
28c77e04b425ef479fac501fe9cdf7f7,0.001,"[128, 64]","[0.2, 0.2]","[true, true]",0.0,128,0.1,200,"""min""",0.1,3,0.0001,0,"""min""",5,0.0001,0.3731798235374161,90.16,218.51244688034058,24,"[15, 22]",training_log_28c77e04b425ef479fac501fe9cdf7f7.json
44cfba5c459235f46099f39a60b560d5,0.001,"[128, 64]","[0.2, 0.2]","[true, true]",1e-05,16,0.01,200,"""min""",0.1,3,0.0001,0,"""min""",5,0.0001,0.3755116614945233,89.07,304.87606978416443,22,[20],training_log_44cfba5c459235f46099f39a60b560d5.json
0ddeb68949c185a8bde33bfd1f96ae99,0.001,"[128, 64]","[0.2, 0.2]","[true, true]",1e-05,16,0.1,200,"""min""",0.1,3,0.0001,0,"""min""",5,0.0001,0.35778313346430657,89.87,537.2255401611328,38,"[21, 28, 36]",training_log_0ddeb68949c185a8bde33bfd1f96ae99.json
0e5f47162bf0d394f3fa55bf292fdf8c,0.001,"[128, 64]","[0.2, 0.2]","[true, true]",1e-05,32,0.01,200,"""min""",0.1,3,0.0001,0,"""min""",5,0.0001,0.35059020014259573,90.34,268.54706597328186,24,"[9, 22]",training_log_0e5f47162bf0d394f3fa55bf292fdf8c.json
533e94f8bc84d0780d8f32193a4519de,0.001,"[128, 64]","[0.2, 0.2]","[true, true]",1e-05,32,0.1,200,"""min""",0.1,3,0.0001,0,"""min""",5,0.0001,0.37029937707101956,89.86,256.85590744018555,23,[21],training_log_533e94f8bc84d0780d8f32193a4519de.json
35f2d7d333cf2af9a1a0a677aa51d045,0.001,"[128, 64]","[0.2, 0.2]","[true, true]",1e-05,64,0.01,200,"""min""",0.1,3,0.0001,0,"""min""",5,0.0001,0.36736315019001625,90.18,236.29722952842712,24,"[12, 22]",training_log_35f2d7d333cf2af9a1a0a677aa51d045.json
789390bd6cc9cea1ccb088c7e4270efd,0.001,"[128, 64]","[0.2, 0.2]","[true, true]",1e-05,64,0.1,200,"""min""",0.1,3,0.0001,0,"""min""",5,0.0001,0.3683331884016657,90.0,238.22166228294373,24,"[15, 22]",training_log_789390bd6cc9cea1ccb088c7e4270efd.json
3c47b13518006e65595ae593c7a38f26,0.001,"[128, 64]","[0.2, 0.2]","[true, true]",1e-05,128,0.01,200,"""min""",0.1,3,0.0001,0,"""min""",5,0.0001,0.3859959105147591,89.89,209.60337710380554,23,[21],training_log_3c47b13518006e65595ae593c7a38f26.json
b14bb721b1bf1b7544c25ac32357c201,0.001,"[128, 64]","[0.2, 0.2]","[true, true]",1e-05,128,0.1,200,"""min""",0.1,3,0.0001,0,"""min""",5,0.0001,0.3731798235374161,90.16,219.0275809764862,24,"[15, 22]",training_log_b14bb721b1bf1b7544c25ac32357c201.json
510fcf000be58aa29569358572af30df,0.001,"[128, 64]","[0.2, 0.2]","[true, true]",0.0001,16,0.01,200,"""min""",0.1,3,0.0001,0,"""min""",5,0.0001,0.3593169183433056,89.46,318.99442434310913,23,"[16, 21]",training_log_510fcf000be58aa29569358572af30df.json
f6f1a453baa001bced65e807092e334f,0.001,"[128, 64]","[0.2, 0.2]","[true, true]",0.0001,16,0.1,200,"""min""",0.1,3,0.0001,0,"""min""",5,0.0001,0.36666838115006684,89.72,523.6756718158722,37,"[21, 35]",training_log_f6f1a453baa001bced65e807092e334f.json
7d75fb79546676744bcd2eb5edb9ab67,0.001,"[128, 64]","[0.2, 0.2]","[true, true]",0.0001,32,0.01,200,"""min""",0.1,3,0.0001,0,"""min""",5,0.0001,0.3659914607009568,89.82,256.87450671195984,23,[21],training_log_7d75fb79546676744bcd2eb5edb9ab67.json
c47623f58b444a9eb790abfc8fd338e2,0.001,"[128, 64]","[0.2, 0.2]","[true, true]",0.0001,32,0.1,200,"""min""",0.1,3,0.0001,0,"""min""",5,0.0001,0.3658288159904579,89.88,288.4513976573944,25,[23],training_log_c47623f58b444a9eb790abfc8fd338e2.json
bd25d6faa599c89aa955d5ee7c20b515,0.001,"[128, 64]","[0.2, 0.2]","[true, true]",0.0001,64,0.01,200,"""min""",0.1,3,0.0001,0,"""min""",5,0.0001,0.3761217497811196,90.02,307.9462254047394,31,"[17, 29]",training_log_bd25d6faa599c89aa955d5ee7c20b515.json
4cd8e0bc6d70c41bbd90d43d75cba88b,0.001,"[128, 64]","[0.2, 0.2]","[true, true]",0.0001,64,0.1,200,"""min""",0.1,3,0.0001,0,"""min""",5,0.0001,0.37474958954533194,89.44,234.86929035186768,24,"[9, 22]",training_log_4cd8e0bc6d70c41bbd90d43d75cba88b.json
6a4b57a1167359cd059927962aedd072,0.001,"[128, 64]","[0.2, 0.2]","[true, true]",0.0001,128,0.01,200,"""min""",0.1,3,0.0001,0,"""min""",5,0.0001,0.3657620247406296,90.17,237.93133974075317,26,"[15, 24]",training_log_6a4b57a1167359cd059927962aedd072.json
62a4004520b9c5b521b6b9ca8bb8e353,0.001,"[128, 64]","[0.2, 0.2]","[true, true]",0.0001,128,0.1,200,"""min""",0.1,3,0.0001,0,"""min""",5,0.0001,0.3861205870214897,89.83,209.3566427230835,23,[21],training_log_62a4004520b9c5b521b6b9ca8bb8e353.json
e2d65276d9d98cc46e968d3f6b0321a4,0.001,"[128, 64]","[0.2, 0.2]","[true, true]",0.001,16,0.01,200,"""min""",0.1,3,0.0001,0,"""min""",5,0.0001,0.37368233029432596,89.3,347.15323090553284,25,[23],training_log_e2d65276d9d98cc46e968d3f6b0321a4.json
721160f337fde0306e0f28911fdb1f50,0.001,"[128, 64]","[0.2, 0.2]","[true, true]",0.001,16,0.1,200,"""min""",0.1,3,0.0001,0,"""min""",5,0.0001,0.3842915779575706,88.9,332.3759982585907,24,"[16, 22]",training_log_721160f337fde0306e0f28911fdb1f50.json
710aa282cf7ba656f5802dd23f81b323,0.001,"[128, 64]","[0.2, 0.2]","[true, true]",0.001,32,0.01,200,"""min""",0.1,3,0.0001,0,"""min""",5,0.0001,0.35472060582889153,90.4,267.85758566856384,24,"[14, 22]",training_log_710aa282cf7ba656f5802dd23f81b323.json
518b5bdb788e3aa72714a75b2fe66f3d,0.001,"[128, 64]","[0.2, 0.2]","[true, true]",0.001,32,0.1,200,"""min""",0.1,3,0.0001,0,"""min""",5,0.0001,0.3745535213155107,89.45,247.49668097496033,22,[20],training_log_518b5bdb788e3aa72714a75b2fe66f3d.json
2478de60d27a06ee35337e033a13f0b1,0.001,"[128, 64]","[0.2, 0.2]","[true, true]",0.001,64,0.01,200,"""min""",0.1,3,0.0001,0,"""min""",5,0.0001,0.36950541017161814,90.18,235.39746975898743,24,"[12, 22]",training_log_2478de60d27a06ee35337e033a13f0b1.json
7f93eb0b1b6dca81fb66b2c7fe227546,0.001,"[128, 64]","[0.2, 0.2]","[true, true]",0.001,64,0.1,200,"""min""",0.1,3,0.0001,0,"""min""",5,0.0001,0.37964400872113596,90.05,306.6419110298157,31,"[20, 29]",training_log_7f93eb0b1b6dca81fb66b2c7fe227546.json
cbf604050c6861c70f20504fed7ca3cf,0.001,"[128, 64]","[0.2, 0.2]","[true, true]",0.001,128,0.01,200,"""min""",0.1,3,0.0001,0,"""min""",5,0.0001,0.37057091390030295,90.46,237.59579348564148,26,"[15, 24]",training_log_cbf604050c6861c70f20504fed7ca3cf.json
8b032c02286aa2cb1ee2437180873aa4,0.001,"[128, 64]","[0.2, 0.2]","[true, true]",0.001,128,0.1,200,"""min""",0.1,3,0.0001,0,"""min""",5,0.0001,0.37156959689116176,90.16,228.22156763076782,25,"[15, 23]",training_log_8b032c02286aa2cb1ee2437180873aa4.json
e547eee8460d60812f34547740f04080,0.001,"[128, 64]","[0.2, 0.2]","[false, false]",0.0,16,0.01,200,"""min""",0.1,3,0.0001,0,"""min""",5,0.0001,0.42137647838722914,89.6,280.8732838630676,22,"[13, 20]",training_log_e547eee8460d60812f34547740f04080.json
5457c0a79b41b5af23864c4db42cc28a,0.001,"[128, 64]","[0.2, 0.2]","[false, false]",0.0,16,0.1,200,"""min""",0.1,3,0.0001,0,"""min""",5,0.0001,0.40479517891267314,89.42,294.03945755958557,23,"[14, 21]",training_log_5457c0a79b41b5af23864c4db42cc28a.json
3678f8abbc49ec70896a5fd5ea4e16b6,0.001,"[128, 64]","[0.2, 0.2]","[false, false]",0.0,32,0.01,200,"""min""",0.1,3,0.0001,0,"""min""",5,0.0001,0.4114907290526151,89.17,199.7843725681305,19,"[10, 17]",training_log_3678f8abbc49ec70896a5fd5ea4e16b6.json
85d09ab5ee03bf242d2014bb7f56afee,0.001,"[128, 64]","[0.2, 0.2]","[false, false]",0.0,32,0.1,200,"""min""",0.1,3,0.0001,0,"""min""",5,0.0001,0.39219660811221446,89.57,311.6720027923584,29,"[11, 27]",training_log_85d09ab5ee03bf242d2014bb7f56afee.json
afcb4ea0017e6ad3c64c7560d1c61487,0.001,"[128, 64]","[0.2, 0.2]","[false, false]",0.0,64,0.01,200,"""min""",0.1,3,0.0001,0,"""min""",5,0.0001,0.40632176335165454,89.44,225.8883137702942,23,"[15, 21]",training_log_afcb4ea0017e6ad3c64c7560d1c61487.json
ed0776ee233d275c739bc512e2f4ce3a,0.001,"[128, 64]","[0.2, 0.2]","[false, false]",0.0,64,0.1,200,"""min""",0.1,3,0.0001,0,"""min""",5,0.0001,0.3848395465760474,90.45,282.74493861198425,29,"[20, 27]",training_log_ed0776ee233d275c739bc512e2f4ce3a.json
1e8c0aa59d02842a426909067af993b1,0.001,"[128, 64]","[0.2, 0.2]","[false, false]",0.0,128,0.01,200,"""min""",0.1,3,0.0001,0,"""min""",5,0.0001,0.3959249216544477,88.97,272.59391713142395,30,"[10, 20, 28]",training_log_1e8c0aa59d02842a426909067af993b1.json
5e1346a4c8417e8e59d203c67073cf6e,0.001,"[128, 64]","[0.2, 0.2]","[false, false]",0.0,128,0.1,200,"""min""",0.1,3,0.0001,0,"""min""",5,0.0001,0.3894671463890921,89.4,225.9426007270813,25,"[14, 23]",training_log_5e1346a4c8417e8e59d203c67073cf6e.json
2fd797644e6e7b4efc45fff3b3519367,0.001,"[128, 64]","[0.2, 0.2]","[false, false]",1e-05,16,0.01,200,"""min""",0.1,3,0.0001,0,"""min""",5,0.0001,0.42137647838722914,89.6,282.68623447418213,22,"[13, 20]",training_log_2fd797644e6e7b4efc45fff3b3519367.json
b2fc37409c6a9ed97a1714a43ea53050,0.001,"[128, 64]","[0.2, 0.2]","[false, false]",1e-05,16,0.1,200,"""min""",0.1,3,0.0001,0,"""min""",5,0.0001,0.40479517891267314,89.42,295.55362343788147,23,"[14, 21]",training_log_b2fc37409c6a9ed97a1714a43ea53050.json
d87ad9c6a4b9a8eb3df67108b4383ffc,0.001,"[128, 64]","[0.2, 0.2]","[false, false]",1e-05,32,0.01,200,"""min""",0.1,3,0.0001,0,"""min""",5,0.0001,0.4114907290526151,89.17,200.74188017845154,19,"[10, 17]",training_log_d87ad9c6a4b9a8eb3df67108b4383ffc.json
fc7e2c766c506a4046b04ff36dd4d098,0.001,"[128, 64]","[0.2, 0.2]","[false, false]",1e-05,32,0.1,200,"""min""",0.1,3,0.0001,0,"""min""",5,0.0001,0.39219660811221446,89.57,315.66237783432007,29,"[11, 27]",training_log_fc7e2c766c506a4046b04ff36dd4d098.json
0de3ebf65d9c353a344f184528f06ea3,0.001,"[128, 64]","[0.2, 0.2]","[false, false]",1e-05,64,0.01,200,"""min""",0.1,3,0.0001,0,"""min""",5,0.0001,0.40632176335165454,89.44,220.40035128593445,23,"[15, 21]",training_log_0de3ebf65d9c353a344f184528f06ea3.json
c3f326d4affe4610425cb1fc78faaddc,0.001,"[128, 64]","[0.2, 0.2]","[false, false]",1e-05,64,0.1,200,"""min""",0.1,3,0.0001,0,"""min""",5,0.0001,0.3848395465760474,90.45,280.4935841560364,29,"[20, 27]",training_log_c3f326d4affe4610425cb1fc78faaddc.json
09bbe457522b50fc9d6c5e27297e10fb,0.001,"[128, 64]","[0.2, 0.2]","[false, false]",1e-05,128,0.01,200,"""min""",0.1,3,0.0001,0,"""min""",5,0.0001,0.3959249216544477,88.97,273.47895216941833,30,"[10, 20, 28]",training_log_09bbe457522b50fc9d6c5e27297e10fb.json
03cd8344fd013b2516f1b6921fa62455,0.001,"[128, 64]","[0.2, 0.2]","[false, false]",1e-05,128,0.1,200,"""min""",0.1,3,0.0001,0,"""min""",5,0.0001,0.3894671463890921,89.4,225.93575358390808,25,"[14, 23]",training_log_03cd8344fd013b2516f1b6921fa62455.json
d315246934dbec96982ac4fbe6b8be64,0.001,"[128, 64]","[0.2, 0.2]","[false, false]",0.0001,16,0.01,200,"""min""",0.1,3,0.0001,0,"""min""",5,0.0001,0.4075222047817428,89.22,228.4822542667389,18,"[8, 16]",training_log_d315246934dbec96982ac4fbe6b8be64.json
80b1658c671bb459934077a70204c48d,0.001,"[128, 64]","[0.2, 0.2]","[false, false]",0.0001,16,0.1,200,"""min""",0.1,3,0.0001,0,"""min""",5,0.0001,0.4016814699594863,90.08,375.744113445282,29,"[19, 27]",training_log_80b1658c671bb459934077a70204c48d.json
cfdca91cb1d814defa1cc1be031d8bb9,0.001,"[128, 64]","[0.2, 0.2]","[false, false]",0.0001,32,0.01,200,"""min""",0.1,3,0.0001,0,"""min""",5,0.0001,0.42036143031280737,89.07,268.59743666648865,25,"[14, 23]",training_log_cfdca91cb1d814defa1cc1be031d8bb9.json
ada7b3d6ed28f230d1297bf85c7869e5,0.001,"[128, 64]","[0.2, 0.2]","[false, false]",0.0001,32,0.1,200,"""min""",0.1,3,0.0001,0,"""min""",5,0.0001,0.3925747869702907,89.61,275.61227011680603,25,"[11, 23]",training_log_ada7b3d6ed28f230d1297bf85c7869e5.json
28527988354a11ad6d7a3c0e88c91be7,0.001,"[128, 64]","[0.2, 0.2]","[false, false]",0.0001,64,0.01,200,"""min""",0.1,3,0.0001,0,"""min""",5,0.0001,0.40231105595067806,89.06,222.12176942825317,23,"[10, 15, 21]",training_log_28527988354a11ad6d7a3c0e88c91be7.json
5a2011952f3daddbd42844f7bfa88fe1,0.001,"[128, 64]","[0.2, 0.2]","[false, false]",0.0001,64,0.1,200,"""min""",0.1,3,0.0001,0,"""min""",5,0.0001,0.39235574082963787,89.45,269.25852608680725,28,"[13, 26]",training_log_5a2011952f3daddbd42844f7bfa88fe1.json
b84ac3e0bbe33fbf9995cf7f90e508c0,0.001,"[128, 64]","[0.2, 0.2]","[false, false]",0.0001,128,0.01,200,"""min""",0.1,3,0.0001,0,"""min""",5,0.0001,0.39867274557487875,88.71,272.4842665195465,30,"[9, 15, 28]",training_log_b84ac3e0bbe33fbf9995cf7f90e508c0.json
18737b8668903223c56fb7be0288d9ba,0.001,"[128, 64]","[0.2, 0.2]","[false, false]",0.0001,128,0.1,200,"""min""",0.1,3,0.0001,0,"""min""",5,0.0001,0.38342938525012776,89.39,225.3632619380951,25,"[15, 23]",training_log_18737b8668903223c56fb7be0288d9ba.json
114e8c8c2a901e0516d8595d221eb371,0.001,"[128, 64]","[0.2, 0.2]","[false, false]",0.001,16,0.01,200,"""min""",0.1,3,0.0001,0,"""min""",5,0.0001,0.41714784864005633,89.73,267.34100818634033,21,"[14, 19]",training_log_114e8c8c2a901e0516d8595d221eb371.json
eb45d4ebd3fe9e47081f3cef814f6607,0.001,"[128, 64]","[0.2, 0.2]","[false, false]",0.001,16,0.1,200,"""min""",0.1,3,0.0001,0,"""min""",5,0.0001,0.40576331549147143,89.53,321.4221076965332,25,"[9, 23]",training_log_eb45d4ebd3fe9e47081f3cef814f6607.json
858eb3287e18649538b119ce02dc3490,0.001,"[128, 64]","[0.2, 0.2]","[false, false]",0.001,32,0.01,200,"""min""",0.1,3,0.0001,0,"""min""",5,0.0001,0.4209804599212048,89.06,269.8602864742279,25,"[14, 23]",training_log_858eb3287e18649538b119ce02dc3490.json
084ee42a2de109de2aee410d77841a01,0.001,"[128, 64]","[0.2, 0.2]","[false, false]",0.001,32,0.1,200,"""min""",0.1,3,0.0001,0,"""min""",5,0.0001,0.3965989527093193,89.7,311.31294298171997,29,"[13, 27]",training_log_084ee42a2de109de2aee410d77841a01.json
b4af10e16968e2c4feacd77df69cb590,0.001,"[128, 64]","[0.2, 0.2]","[false, false]",0.001,64,0.01,200,"""min""",0.1,3,0.0001,0,"""min""",5,0.0001,0.39701428568097435,89.23,219.2032985687256,23,"[15, 21]",training_log_b4af10e16968e2c4feacd77df69cb590.json
e8aade9714a53b22080c34f6a38d5d5a,0.001,"[128, 64]","[0.2, 0.2]","[false, false]",0.001,64,0.1,200,"""min""",0.1,3,0.0001,0,"""min""",5,0.0001,0.40611908724828133,89.7,300.1117465496063,31,[29],training_log_e8aade9714a53b22080c34f6a38d5d5a.json
780105e4a53ff84e68f954dcab89d3fa,0.001,"[128, 64]","[0.2, 0.2]","[false, false]",0.001,128,0.01,200,"""min""",0.1,3,0.0001,0,"""min""",5,0.0001,0.3948684432838537,89.51,225.6779499053955,25,"[15, 23]",training_log_780105e4a53ff84e68f954dcab89d3fa.json
be037e534a45aa0f3b9844d9efb7437c,0.001,"[128, 64]","[0.2, 0.2]","[false, false]",0.001,128,0.1,200,"""min""",0.1,3,0.0001,0,"""min""",5,0.0001,0.38202771450145334,89.87,225.91412591934204,25,"[15, 23]",training_log_be037e534a45aa0f3b9844d9efb7437c.json
b49d6fa564d9da75cd230dcd3f593778,0.001,"[128, 64]","[0.3, 0.3]","[true, true]",0.0,16,0.01,200,"""min""",0.1,3,0.0001,0,"""min""",5,0.0001,0.4035446151480079,88.0,318.98829555511475,23,[21],training_log_b49d6fa564d9da75cd230dcd3f593778.json
0a710773562510eac1197b8f401cb9d8,0.001,"[128, 64]","[0.3, 0.3]","[true, true]",0.0,16,0.1,200,"""min""",0.1,3,0.0001,0,"""min""",5,0.0001,0.4199314215987921,87.51,331.1992394924164,24,"[16, 22]",training_log_0a710773562510eac1197b8f401cb9d8.json
384033e998c04b2d9dce2450cff50ab6,0.001,"[128, 64]","[0.3, 0.3]","[true, true]",0.0,32,0.01,200,"""min""",0.1,3,0.0001,0,"""min""",5,0.0001,0.38960287489068396,88.82,256.0795838832855,23,[21],training_log_384033e998c04b2d9dce2450cff50ab6.json
802462ad8c3a2c5b833b2036e615d27d,0.001,"[128, 64]","[0.3, 0.3]","[true, true]",0.0,32,0.1,200,"""min""",0.1,3,0.0001,0,"""min""",5,0.0001,0.39770923698315036,88.21,256.98418617248535,23,[21],training_log_802462ad8c3a2c5b833b2036e615d27d.json
083e3f97fbe9ec69bb1f45a908e94df8,0.001,"[128, 64]","[0.3, 0.3]","[true, true]",0.0,64,0.01,200,"""min""",0.1,3,0.0001,0,"""min""",5,0.0001,0.3816102868432452,89.32,348.3728392124176,34,"[24, 32]",training_log_083e3f97fbe9ec69bb1f45a908e94df8.json
0fc59a8bb8c94e2b0c3fa2493359794c,0.001,"[128, 64]","[0.3, 0.3]","[true, true]",0.0,64,0.1,200,"""min""",0.1,3,0.0001,0,"""min""",5,0.0001,0.39266854349025493,88.72,235.64490699768066,24,"[15, 22]",training_log_0fc59a8bb8c94e2b0c3fa2493359794c.json
9674013c2bd5f33c0fb8c785c6803efc,0.001,"[128, 64]","[0.3, 0.3]","[true, true]",0.0,128,0.01,200,"""min""",0.1,3,0.0001,0,"""min""",5,0.0001,0.39771113346649123,89.04,209.28532695770264,23,[21],training_log_9674013c2bd5f33c0fb8c785c6803efc.json
09734d732c39337bd1ec0041a3439a8d,0.001,"[128, 64]","[0.3, 0.3]","[true, true]",0.0,128,0.1,200,"""min""",0.1,3,0.0001,0,"""min""",5,0.0001,0.3920407491394236,88.57,228.2651026248932,25,"[15, 23]",training_log_09734d732c39337bd1ec0041a3439a8d.json
c7cf370770438eace4e79e3d0170bfe3,0.001,"[128, 64]","[0.3, 0.3]","[true, true]",1e-05,16,0.01,200,"""min""",0.1,3,0.0001,0,"""min""",5,0.0001,0.4035446151480079,88.0,317.5602512359619,23,[21],training_log_c7cf370770438eace4e79e3d0170bfe3.json
ec25c01d494c1a57d052859761c272de,0.001,"[128, 64]","[0.3, 0.3]","[true, true]",1e-05,16,0.1,200,"""min""",0.1,3,0.0001,0,"""min""",5,0.0001,0.4199314215987921,87.51,333.5062885284424,24,"[16, 22]",training_log_ec25c01d494c1a57d052859761c272de.json
0cf8ccb53bbc3096255c4c6d0f849573,0.001,"[128, 64]","[0.3, 0.3]","[true, true]",1e-05,32,0.01,200,"""min""",0.1,3,0.0001,0,"""min""",5,0.0001,0.38960287489068396,88.82,256.55776596069336,23,[21],training_log_0cf8ccb53bbc3096255c4c6d0f849573.json
67ab100f86a35e92a532a972ff427713,0.001,"[128, 64]","[0.3, 0.3]","[true, true]",1e-05,32,0.1,200,"""min""",0.1,3,0.0001,0,"""min""",5,0.0001,0.39770923698315036,88.21,256.59259963035583,23,[21],training_log_67ab100f86a35e92a532a972ff427713.json
a45cdfb5f07e361ef3a08c9dcc184063,0.001,"[128, 64]","[0.3, 0.3]","[true, true]",1e-05,64,0.01,200,"""min""",0.1,3,0.0001,0,"""min""",5,0.0001,0.3816102868432452,89.32,338.87031149864197,34,"[24, 32]",training_log_a45cdfb5f07e361ef3a08c9dcc184063.json
67fc4e3a9cbb0d694e1a30d8f06e46d0,0.001,"[128, 64]","[0.3, 0.3]","[true, true]",1e-05,64,0.1,200,"""min""",0.1,3,0.0001,0,"""min""",5,0.0001,0.39266854349025493,88.72,238.8757610321045,24,"[15, 22]",training_log_67fc4e3a9cbb0d694e1a30d8f06e46d0.json
1f6a3a78f6e43e7650478a3750c2bbee,0.001,"[128, 64]","[0.3, 0.3]","[true, true]",1e-05,128,0.01,200,"""min""",0.1,3,0.0001,0,"""min""",5,0.0001,0.39771113346649123,89.04,209.10762119293213,23,[21],training_log_1f6a3a78f6e43e7650478a3750c2bbee.json
699895b1319e7ba4acfb96e02e9c476d,0.001,"[128, 64]","[0.3, 0.3]","[true, true]",1e-05,128,0.1,200,"""min""",0.1,3,0.0001,0,"""min""",5,0.0001,0.3920407491394236,88.57,228.10378980636597,25,"[15, 23]",training_log_699895b1319e7ba4acfb96e02e9c476d.json
e03809bec690cc9e8cfc3ebce73901f5,0.001,"[128, 64]","[0.3, 0.3]","[true, true]",0.0001,16,0.01,200,"""min""",0.1,3,0.0001,0,"""min""",5,0.0001,0.39589167937785386,88.44,332.6290531158447,24,"[16, 22]",training_log_e03809bec690cc9e8cfc3ebce73901f5.json
6087b5c964782426f67b536cdec2923a,0.001,"[128, 64]","[0.3, 0.3]","[true, true]",0.0001,16,0.1,200,"""min""",0.1,3,0.0001,0,"""min""",5,0.0001,0.41704136089235544,87.68,332.78472566604614,24,"[16, 22]",training_log_6087b5c964782426f67b536cdec2923a.json
8b3d075d399d9235242349c44331ea84,0.001,"[128, 64]","[0.3, 0.3]","[true, true]",0.0001,32,0.01,200,"""min""",0.1,3,0.0001,0,"""min""",5,0.0001,0.38172202715620446,89.01,268.0119135379791,24,"[16, 22]",training_log_8b3d075d399d9235242349c44331ea84.json
ee651976f08e40719c6b47c1fff94916,0.001,"[128, 64]","[0.3, 0.3]","[true, true]",0.0001,32,0.1,200,"""min""",0.1,3,0.0001,0,"""min""",5,0.0001,0.40449755503156315,88.3,256.5466630458832,23,[21],training_log_ee651976f08e40719c6b47c1fff94916.json
76efe4f8b059303a4fa64f7cf9d7c55d,0.001,"[128, 64]","[0.3, 0.3]","[true, true]",0.0001,64,0.01,200,"""min""",0.1,3,0.0001,0,"""min""",5,0.0001,0.37367755592249,89.3,344.74191880226135,34,"[21, 32]",training_log_76efe4f8b059303a4fa64f7cf9d7c55d.json
dc4053adb9223f547e5924bf632c379b,0.001,"[128, 64]","[0.3, 0.3]","[true, true]",0.0001,64,0.1,200,"""min""",0.1,3,0.0001,0,"""min""",5,0.0001,0.39177514636402677,88.6,236.0726342201233,24,"[15, 22]",training_log_dc4053adb9223f547e5924bf632c379b.json
c4f41bb6674040865f08828297446c2b,0.001,"[128, 64]","[0.3, 0.3]","[true, true]",0.0001,128,0.01,200,"""min""",0.1,3,0.0001,0,"""min""",5,0.0001,0.38758249694033514,88.8,219.15574288368225,24,"[15, 22]",training_log_c4f41bb6674040865f08828297446c2b.json
96add3e1408d831f62f26c32bdaf3d6f,0.001,"[128, 64]","[0.3, 0.3]","[true, true]",0.0001,128,0.1,200,"""min""",0.1,3,0.0001,0,"""min""",5,0.0001,0.3929692157838918,88.67,285.88825726509094,31,"[22, 29]",training_log_96add3e1408d831f62f26c32bdaf3d6f.json
28e7fed4e2ca819357fcb5df7e156082,0.001,"[128, 64]","[0.3, 0.3]","[true, true]",0.001,16,0.01,200,"""min""",0.1,3,0.0001,0,"""min""",5,0.0001,0.3897930127829313,88.54,331.21489906311035,24,"[16, 22]",training_log_28e7fed4e2ca819357fcb5df7e156082.json
8cc4d5c112eb097c5946233807f89b07,0.001,"[128, 64]","[0.3, 0.3]","[true, true]",0.001,16,0.1,200,"""min""",0.1,3,0.0001,0,"""min""",5,0.0001,0.41223337543308736,87.71,332.2253260612488,24,"[16, 22]",training_log_8cc4d5c112eb097c5946233807f89b07.json
bb757463ff8808b3c9e20b0ade5b11e0,0.001,"[128, 64]","[0.3, 0.3]","[true, true]",0.001,32,0.01,200,"""min""",0.1,3,0.0001,0,"""min""",5,0.0001,0.3810468294059697,88.97,256.5192747116089,23,"[16, 21]",training_log_bb757463ff8808b3c9e20b0ade5b11e0.json
cad7252164e8e6e27432e3723c7f98f7,0.001,"[128, 64]","[0.3, 0.3]","[true, true]",0.001,32,0.1,200,"""min""",0.1,3,0.0001,0,"""min""",5,0.0001,0.4090721298830387,88.19,256.4080927371979,23,[21],training_log_cad7252164e8e6e27432e3723c7f98f7.json
88fbc5eb8e90c05f2d5f7f9e39cfad52,0.001,"[128, 64]","[0.3, 0.3]","[true, true]",0.001,64,0.01,200,"""min""",0.1,3,0.0001,0,"""min""",5,0.0001,0.38154021759701384,89.31,228.20070099830627,23,[21],training_log_88fbc5eb8e90c05f2d5f7f9e39cfad52.json
cdf4d9e208928148d569490e3565069f,0.001,"[128, 64]","[0.3, 0.3]","[true, true]",0.001,64,0.1,200,"""min""",0.1,3,0.0001,0,"""min""",5,0.0001,0.38619067937515345,88.76,338.1507525444031,34,"[15, 22, 32]",training_log_cdf4d9e208928148d569490e3565069f.json
c982b173eec5bb550737e8a6bf5a168c,0.001,"[128, 64]","[0.3, 0.3]","[true, true]",0.001,128,0.01,200,"""min""",0.1,3,0.0001,0,"""min""",5,0.0001,0.4012613873693007,88.48,209.00238347053528,23,[21],training_log_c982b173eec5bb550737e8a6bf5a168c.json
226572c04bfa287a6cf49238b16d07dd,0.001,"[128, 64]","[0.3, 0.3]","[true, true]",0.001,128,0.1,200,"""min""",0.1,3,0.0001,0,"""min""",5,0.0001,0.4050252965733975,88.15,199.40064573287964,22,[20],training_log_226572c04bfa287a6cf49238b16d07dd.json
bf89e88c610cf99d2e00e65f7a6aaf64,0.001,"[128, 64]","[0.3, 0.3]","[false, false]",0.0,16,0.01,200,"""min""",0.1,3,0.0001,0,"""min""",5,0.0001,0.4465274563146755,88.69,347.48978447914124,27,"[20, 25]",training_log_bf89e88c610cf99d2e00e65f7a6aaf64.json
fb0283c7b6f6b2524803bfcbab9ea8f0,0.001,"[128, 64]","[0.3, 0.3]","[false, false]",0.0,16,0.1,200,"""min""",0.1,3,0.0001,0,"""min""",5,0.0001,0.4225611220754683,88.46,400.31463718414307,31,"[14, 29]",training_log_fb0283c7b6f6b2524803bfcbab9ea8f0.json
4cd6b9901e4e03a35a2cf530796992e1,0.001,"[128, 64]","[0.3, 0.3]","[false, false]",0.0,32,0.01,200,"""min""",0.1,3,0.0001,0,"""min""",5,0.0001,0.4228993555108389,88.39,244.00193643569946,23,"[10, 21]",training_log_4cd6b9901e4e03a35a2cf530796992e1.json
5928e6641fc726d165d5c69df0f2e7cb,0.001,"[128, 64]","[0.3, 0.3]","[false, false]",0.0,32,0.1,200,"""min""",0.1,3,0.0001,0,"""min""",5,0.0001,0.4185103330814753,88.81,361.96498560905457,33,"[17, 31]",training_log_5928e6641fc726d165d5c69df0f2e7cb.json
dd12a82e223ba90750f38a65a0164f96,0.001,"[128, 64]","[0.3, 0.3]","[false, false]",0.0,64,0.01,200,"""min""",0.1,3,0.0001,0,"""min""",5,0.0001,0.41536312009308746,88.8,319.563006401062,33,"[19, 31]",training_log_dd12a82e223ba90750f38a65a0164f96.json
d2c9c28e8826fc77cc761d106a703806,0.001,"[128, 64]","[0.3, 0.3]","[false, false]",0.0,64,0.1,200,"""min""",0.1,3,0.0001,0,"""min""",5,0.0001,0.4010472175232164,89.21,319.0862383842468,33,"[21, 31]",training_log_d2c9c28e8826fc77cc761d106a703806.json
72a9bb954dec94ddb4efc59a9dbc9ad6,0.001,"[128, 64]","[0.3, 0.3]","[false, false]",0.0,128,0.01,200,"""min""",0.1,3,0.0001,0,"""min""",5,0.0001,0.4158141522467891,88.65,272.3356728553772,30,"[20, 28]",training_log_72a9bb954dec94ddb4efc59a9dbc9ad6.json
d2b8a63d8e08d5ea7294b7abc815b8ad,0.001,"[128, 64]","[0.3, 0.3]","[false, false]",0.0,128,0.1,200,"""min""",0.1,3,0.0001,0,"""min""",5,0.0001,0.40386847604679155,89.07,347.5343728065491,38,"[27, 36]",training_log_d2b8a63d8e08d5ea7294b7abc815b8ad.json
433033294e990399adc654b651fe88b5,0.001,"[128, 64]","[0.3, 0.3]","[false, false]",1e-05,16,0.01,200,"""min""",0.1,3,0.0001,0,"""min""",5,0.0001,0.4465274563146755,88.69,348.8759546279907,27,"[20, 25]",training_log_433033294e990399adc654b651fe88b5.json
55faf658bc0e0b6b998017c1ebb6b68d,0.001,"[128, 64]","[0.3, 0.3]","[false, false]",1e-05,16,0.1,200,"""min""",0.1,3,0.0001,0,"""min""",5,0.0001,0.4225611220754683,88.46,406.00951075553894,31,"[14, 29]",training_log_55faf658bc0e0b6b998017c1ebb6b68d.json
f9f3d33fe0c418ae3be352f6c3a4b9ac,0.001,"[128, 64]","[0.3, 0.3]","[false, false]",1e-05,32,0.01,200,"""min""",0.1,3,0.0001,0,"""min""",5,0.0001,0.4228993555108389,88.39,245.5951840877533,23,"[10, 21]",training_log_f9f3d33fe0c418ae3be352f6c3a4b9ac.json
343ab6923b0cc072ca06d65e98a7b58a,0.001,"[128, 64]","[0.3, 0.3]","[false, false]",1e-05,32,0.1,200,"""min""",0.1,3,0.0001,0,"""min""",5,0.0001,0.4185103330814753,88.81,364.1327521800995,33,"[17, 31]",training_log_343ab6923b0cc072ca06d65e98a7b58a.json
f6387ea9c26377cb8800a51cfb5525d4,0.001,"[128, 64]","[0.3, 0.3]","[false, false]",1e-05,64,0.01,200,"""min""",0.1,3,0.0001,0,"""min""",5,0.0001,0.41536312009308746,88.8,319.80862736701965,33,"[19, 31]",training_log_f6387ea9c26377cb8800a51cfb5525d4.json
644862e9cfa834ee87086a05dce5276e,0.001,"[128, 64]","[0.3, 0.3]","[false, false]",1e-05,64,0.1,200,"""min""",0.1,3,0.0001,0,"""min""",5,0.0001,0.4010472175232164,89.21,319.89812779426575,33,"[21, 31]",training_log_644862e9cfa834ee87086a05dce5276e.json
56c30850a3f8d1a74f055efe50e471bd,0.001,"[128, 64]","[0.3, 0.3]","[false, false]",1e-05,128,0.01,200,"""min""",0.1,3,0.0001,0,"""min""",5,0.0001,0.4158141522467891,88.65,272.5951898097992,30,"[20, 28]",training_log_56c30850a3f8d1a74f055efe50e471bd.json
10b4dd5ad56e7a9f9664d4e2f88d63e2,0.001,"[128, 64]","[0.3, 0.3]","[false, false]",1e-05,128,0.1,200,"""min""",0.1,3,0.0001,0,"""min""",5,0.0001,0.40386847604679155,89.07,347.04596996307373,38,"[27, 36]",training_log_10b4dd5ad56e7a9f9664d4e2f88d63e2.json
650cfb9763edca694f82d8626a58c8d0,0.001,"[128, 64]","[0.3, 0.3]","[false, false]",0.0001,16,0.01,200,"""min""",0.1,3,0.0001,0,"""min""",5,0.0001,0.4433945325832814,88.48,391.4464728832245,30,"[20, 28]",training_log_650cfb9763edca694f82d8626a58c8d0.json
dfa46741867a08f52d88cc2efeeff042,0.001,"[128, 64]","[0.1, 0.1]","[true, true]",0.0,16,0.01,5,"""min""",0.1,3,0.0001,0,"""min""",5,0.0001,0.37411872392445805,88.77,74.50851249694824,5,[],training_log_dfa46741867a08f52d88cc2efeeff042.json
45aa97e54ef79fcce12298315cd1bfd8,0.001,"[128, 64]","[0.1, 0.1]","[true, true]",0.0,16,0.1,5,"""min""",0.1,3,0.0001,0,"""min""",5,0.0001,0.392546183988452,88.38,73.2821877002716,5,[],training_log_45aa97e54ef79fcce12298315cd1bfd8.json
81f5fcf9951643fce2ae80bdc5186000,0.001,"[128, 64]","[0.1, 0.1]","[true, true]",0.0,32,0.01,5,"""min""",0.1,3,0.0001,0,"""min""",5,0.0001,0.37397375973030783,89.04,59.18763518333435,5,[],training_log_81f5fcf9951643fce2ae80bdc5186000.json
41da03ed3d6dacced3bdc0aef8134dcc,0.001,"[128, 64]","[0.1, 0.1]","[true, true]",0.0,32,0.1,5,"""min""",0.1,3,0.0001,0,"""min""",5,0.0001,0.3793038071011202,88.89,58.365370988845825,5,[],training_log_41da03ed3d6dacced3bdc0aef8134dcc.json
4061856163ccf0e471828aba591b1fab,0.001,"[128, 64]","[0.1, 0.1]","[true, true]",0.0,64,0.01,5,"""min""",0.1,3,0.0001,0,"""min""",5,0.0001,0.3718158115816724,89.2,52.56651759147644,5,[],training_log_4061856163ccf0e471828aba591b1fab.json
b8d2385cb7d9aab32dc55d5225e9fe3d,0.001,"[128, 64]","[0.3, 0.3]","[false, false]",0.0001,16,0.1,200,"""min""",0.1,3,0.0001,0,"""min""",5,0.0001,0.4334653476305306,88.09,270.96101450920105,21,"[11, 19]",misc/training_log_b8d2385cb7d9aab32dc55d5225e9fe3d.json
e15c6f46b522618d85b27c726fc62315,0.001,"[128, 64]","[0.3, 0.3]","[false, false]",0.0001,32,0.01,200,"""min""",0.1,3,0.0001,0,"""min""",5,0.0001,0.4220886393346059,88.49,358.96526551246643,33,"[21, 31]",misc/training_log_e15c6f46b522618d85b27c726fc62315.json
fd8a4c5a37ab94a9956ba4600a7d7070,0.001,"[128, 64]","[0.3, 0.3]","[false, false]",0.0001,32,0.1,200,"""min""",0.1,3,0.0001,0,"""min""",5,0.0001,0.41779598020933595,89.1,439.0043227672577,40,"[26, 38]",misc/training_log_fd8a4c5a37ab94a9956ba4600a7d7070.json
c52a588634e817d05890f31b47079729,0.001,"[128, 64]","[0.3, 0.3]","[false, false]",0.0001,64,0.01,200,"""min""",0.1,3,0.0001,0,"""min""",5,0.0001,0.419671559267363,88.14,221.8185956478119,23,"[15, 21]",misc/training_log_c52a588634e817d05890f31b47079729.json
51b0a10857188ed95800e6a1e645a481,0.001,"[128, 64]","[0.3, 0.3]","[false, false]",0.0001,64,0.1,200,"""min""",0.1,3,0.0001,0,"""min""",5,0.0001,0.4090445638177501,88.83,342.4939272403717,35,"[26, 33]",misc/training_log_51b0a10857188ed95800e6a1e645a481.json
ca3cc03c4c41e05678c99c0bbd70b649,0.001,"[128, 64]","[0.3, 0.3]","[false, false]",0.0001,128,0.01,200,"""min""",0.1,3,0.0001,0,"""min""",5,0.0001,0.4175166853621036,89.09,369.22892928123474,40,"[31, 38]",misc/training_log_ca3cc03c4c41e05678c99c0bbd70b649.json
7289b3edcb47b377c366ab42196e1845,0.001,"[128, 64]","[0.3, 0.3]","[false, false]",0.0001,128,0.1,200,"""min""",0.1,3,0.0001,0,"""min""",5,0.0001,0.4038161273244061,88.78,350.01635456085205,38,"[24, 31, 36]",misc/training_log_7289b3edcb47b377c366ab42196e1845.json
63852d1f8feba04e93a2373b29aae87f,0.001,"[128, 64]","[0.3, 0.3]","[false, false]",0.001,16,0.01,200,"""min""",0.1,3,0.0001,0,"""min""",5,0.0001,0.4340671258641407,88.67,392.46245551109314,30,"[20, 28]",misc/training_log_63852d1f8feba04e93a2373b29aae87f.json
8a635d5597f72aea534b4566f35bc3ec,0.001,"[128, 64]","[0.3, 0.3]","[false, false]",0.001,16,0.1,200,"""min""",0.1,3,0.0001,0,"""min""",5,0.0001,0.41480172874592247,88.74,365.17334961891174,28,"[13, 26]",misc/training_log_8a635d5597f72aea534b4566f35bc3ec.json
af4f506ba1458300713eb8ecebb6e290,0.001,"[128, 64]","[0.3, 0.3]","[false, false]",0.001,32,0.01,200,"""min""",0.1,3,0.0001,0,"""min""",5,0.0001,0.433237938256488,88.73,303.7817783355713,28,"[21, 26]",misc/training_log_af4f506ba1458300713eb8ecebb6e290.json
8eb37a38940df63acad09aa79112805d,0.001,"[128, 64]","[0.3, 0.3]","[false, false]",0.001,32,0.1,200,"""min""",0.1,3,0.0001,0,"""min""",5,0.0001,0.4143703822701122,88.5,348.8050272464752,32,"[17, 30]",misc/training_log_8eb37a38940df63acad09aa79112805d.json
4b250d1ef1381c741f81020ff411b70a,0.001,"[128, 64]","[0.3, 0.3]","[false, false]",0.001,64,0.01,200,"""min""",0.1,3,0.0001,0,"""min""",5,0.0001,0.4243961286962412,88.51,332.91170477867126,33,"[20, 31]",misc/training_log_4b250d1ef1381c741f81020ff411b70a.json
3ff70cd939fc57c8ff676cf5ac3af661,0.001,"[128, 64]","[0.4, 0.4]","[true, true]",1e-05,32,0.01,200,"""min""",0.1,3,0.0001,0,"""min""",5,0.0001,0.4071030570104861,88.68,516.270914554596,45,"[20, 43]",misc/training_log_3ff70cd939fc57c8ff676cf5ac3af661.json
99ea2a25e7e760f75bb3678007db3b14,0.001,"[128, 64]","[0.4, 0.4]","[true, true]",1e-05,32,0.1,200,"""min""",0.1,3,0.0001,0,"""min""",5,0.0001,0.4535215824437789,86.61,257.962354183197,23,[21],misc/training_log_99ea2a25e7e760f75bb3678007db3b14.json
6c7cba3674dbde5d28ac07431604f3ad,0.001,"[128, 64]","[0.4, 0.4]","[true, true]",1e-05,64,0.01,200,"""min""",0.1,3,0.0001,0,"""min""",5,0.0001,0.41366951281477693,87.81,226.85371327400208,23,[21],misc/training_log_6c7cba3674dbde5d28ac07431604f3ad.json
9ff217f129b1ce5ec3d9ddc3d0154e57,0.001,"[128, 64]","[0.4, 0.4]","[true, true]",1e-05,64,0.1,200,"""min""",0.1,3,0.0001,0,"""min""",5,0.0001,0.4261986873806662,87.34,410.668568611145,41,"[21, 39]",misc/training_log_9ff217f129b1ce5ec3d9ddc3d0154e57.json
64a016a621523a4a7835ed161b92e367,0.001,"[128, 64]","[0.4, 0.4]","[true, true]",1e-05,128,0.01,200,"""min""",0.1,3,0.0001,0,"""min""",5,0.0001,0.4031931495741953,88.23,315.36926436424255,34,"[21, 32]",misc/training_log_64a016a621523a4a7835ed161b92e367.json
02c5da8dc892de0fe2d4df5a4bf3008d,0.001,"[128, 64]","[0.3, 0.3]","[false, false]",0.001,64,0.1,200,"""min""",0.1,3,0.0001,0,"""min""",5,0.0001,0.17542130914131168,94.92,255.0897135734558,31,"[17, 29]",misc/training_log_02c5da8dc892de0fe2d4df5a4bf3008d.json
345aa5c3cc11120796fd1d7dd4b2d556,0.001,"[128, 64]","[0.3, 0.3]","[false, false]",0.001,128,0.01,200,"""min""",0.1,3,0.0001,0,"""min""",5,0.0001,0.177255304082285,95.06,391.5064949989319,50,"[38, 48]",misc/training_log_345aa5c3cc11120796fd1d7dd4b2d556.json
1647ffdcf5c65a0912fd8bafe273dddc,0.001,"[128, 64]","[0.3, 0.3]","[false, false]",0.001,128,0.1,200,"""min""",0.1,3,0.0001,0,"""min""",5,0.0001,0.1782072092158885,94.96,423.40426802635193,54,"[36, 52]",misc/training_log_1647ffdcf5c65a0912fd8bafe273dddc.json
d570cc0c686b3f90273f5e554d6b284d,0.001,"[128, 64]","[0.4, 0.4]","[true, true]",0.0,16,0.01,200,"""min""",0.1,3,0.0001,0,"""min""",5,0.0001,0.1891636767759919,94.29,565.0662913322449,47,"[27, 38, 45]",misc/training_log_d570cc0c686b3f90273f5e554d6b284d.json
bf5740b3144da7a17deeba42a33354e2,0.001,"[128, 64]","[0.4, 0.4]","[true, true]",0.0,16,0.1,200,"""min""",0.1,3,0.0001,0,"""min""",5,0.0001,0.21788872413337232,93.71,477.7921233177185,40,[38],misc/training_log_bf5740b3144da7a17deeba42a33354e2.json
ef6e5894f193777e7a908a6e7ea3750e,0.001,"[128, 64]","[0.4, 0.4]","[true, true]",0.0,32,0.01,200,"""min""",0.1,3,0.0001,0,"""min""",5,0.0001,0.17593511195478442,94.87,455.42241287231445,47,"[35, 45]",misc/training_log_ef6e5894f193777e7a908a6e7ea3750e.json
51b57cf75b0388a2927f7262e6bce24a,0.001,"[128, 64]","[0.4, 0.4]","[true, true]",0.0,32,0.1,200,"""min""",0.1,3,0.0001,0,"""min""",5,0.0001,0.2063315127152033,94.04,318.8764226436615,33,[],misc/training_log_51b57cf75b0388a2927f7262e6bce24a.json
6405c77529753190d1d05ce4855ea1ac,0.001,"[128, 64]","[0.4, 0.4]","[true, true]",0.0,64,0.01,200,"""min""",0.1,3,0.0001,0,"""min""",5,0.0001,0.17458640130319794,95.03,297.80634903907776,35,"[23, 33]",misc/training_log_6405c77529753190d1d05ce4855ea1ac.json
